-- MySQL Workbench Forward Engineering

SET @OLD_UNIQUE_CHECKS=@@UNIQUE_CHECKS, UNIQUE_CHECKS=0;
SET @OLD_FOREIGN_KEY_CHECKS=@@FOREIGN_KEY_CHECKS, FOREIGN_KEY_CHECKS=0;
SET @OLD_SQL_MODE=@@SQL_MODE, SQL_MODE='ONLY_FULL_GROUP_BY,STRICT_TRANS_TABLES,NO_ZERO_IN_DATE,NO_ZERO_DATE,ERROR_FOR_DIVISION_BY_ZERO,NO_ENGINE_SUBSTITUTION';

-- -----------------------------------------------------
-- Schema SELKIFY
-- -----------------------------------------------------
DROP SCHEMA IF EXISTS `SELKIFY` ;

-- -----------------------------------------------------
-- Schema SELKIFY
-- -----------------------------------------------------
CREATE SCHEMA IF NOT EXISTS `SELKIFY` ;
USE `SELKIFY` ;

-- -----------------------------------------------------
-- Table `SELKIFY`.`CALENDAR`
-- -----------------------------------------------------
DROP TABLE IF EXISTS `SELKIFY`.`CALENDAR` ;

CREATE TABLE IF NOT EXISTS `SELKIFY`.`CALENDAR` (
  `ID` INT(11) NOT NULL,
  `NAME` VARCHAR(255) NOT NULL,
  PRIMARY KEY (`ID`))
ENGINE = InnoDB
DEFAULT CHARACTER SET = utf8mb4;


-- -----------------------------------------------------
-- Table `SELKIFY`.`CHAT_TYPE`
-- -----------------------------------------------------
DROP TABLE IF EXISTS `SELKIFY`.`CHAT_TYPE` ;

CREATE TABLE IF NOT EXISTS `SELKIFY`.`CHAT_TYPE` (
  `TYPE` VARCHAR(45) NOT NULL,
  PRIMARY KEY (`TYPE`))
ENGINE = InnoDB
DEFAULT CHARACTER SET = utf8mb4;


-- -----------------------------------------------------
-- Table `SELKIFY`.`CHAT`
-- -----------------------------------------------------
DROP TABLE IF EXISTS `SELKIFY`.`CHAT` ;

CREATE TABLE IF NOT EXISTS `SELKIFY`.`CHAT` (
  `ID` INT(11) NOT NULL AUTO_INCREMENT,
  `NAME` VARCHAR(255) NOT NULL,
  `DESCRIPTION` TEXT NULL DEFAULT NULL,
  `TAGS` VARCHAR(45) NULL DEFAULT NULL,
  `CREATE_TIME` DATETIME NULL DEFAULT CURRENT_TIMESTAMP(),
  `TYPE` VARCHAR(45) NOT NULL,
  PRIMARY KEY (`ID`),
  INDEX `fk_CHAT_CHAT_TYPE1_idx` (`TYPE` ASC) VISIBLE,
  CONSTRAINT `fk_CHAT_CHAT_TYPE1`
    FOREIGN KEY (`TYPE`)
    REFERENCES `SELKIFY`.`CHAT_TYPE` (`TYPE`)
    ON DELETE NO ACTION
    ON UPDATE NO ACTION)
ENGINE = InnoDB
DEFAULT CHARACTER SET = utf8mb4;


-- -----------------------------------------------------
-- Table `SELKIFY`.`COMMUNITY`
-- -----------------------------------------------------
DROP TABLE IF EXISTS `SELKIFY`.`COMMUNITY` ;

CREATE TABLE IF NOT EXISTS `SELKIFY`.`COMMUNITY` (
  `ID` INT(11) NOT NULL,
  `NAME` VARCHAR(255) NOT NULL,
  `CHAT_ID` INT(11) NOT NULL,
  `ALIVE` TINYINT(4) NULL DEFAULT 0,
  PRIMARY KEY (`ID`),
  INDEX `fk_COMMUNITY_CHAT1_idx` (`CHAT_ID` ASC) VISIBLE,
  CONSTRAINT `fk_COMMUNITY_CHAT1`
    FOREIGN KEY (`CHAT_ID`)
    REFERENCES `SELKIFY`.`CHAT` (`ID`)
    ON DELETE NO ACTION
    ON UPDATE NO ACTION)
ENGINE = InnoDB
DEFAULT CHARACTER SET = utf8mb4;


-- -----------------------------------------------------
-- Table `SELKIFY`.`CONTENT_SERIES`
-- -----------------------------------------------------
DROP TABLE IF EXISTS `SELKIFY`.`CONTENT_SERIES` ;

CREATE TABLE IF NOT EXISTS `SELKIFY`.`CONTENT_SERIES` (
  `ID` INT(11) NOT NULL AUTO_INCREMENT,
  `NAME` VARCHAR(45) NOT NULL,
  PRIMARY KEY (`ID`))
ENGINE = InnoDB
DEFAULT CHARACTER SET = utf8mb4;


-- -----------------------------------------------------
-- Table `SELKIFY`.`USER_TYPE`
-- -----------------------------------------------------
DROP TABLE IF EXISTS `SELKIFY`.`USER_TYPE` ;

CREATE TABLE IF NOT EXISTS `SELKIFY`.`USER_TYPE` (
  `NAME` VARCHAR(50) NOT NULL,
  PRIMARY KEY (`NAME`))
ENGINE = InnoDB
DEFAULT CHARACTER SET = utf8mb4;


-- -----------------------------------------------------
-- Table `SELKIFY`.`USER`
-- -----------------------------------------------------
DROP TABLE IF EXISTS `SELKIFY`.`USER` ;

CREATE TABLE IF NOT EXISTS `SELKIFY`.`USER` (
  `ID` INT(11) NOT NULL AUTO_INCREMENT,
  `TYPE` VARCHAR(50) NOT NULL,
  `EMAIL` VARCHAR(255) NOT NULL,
  `USERNAME` VARCHAR(100) NOT NULL,
  `PUBLIC_KEY` VARCHAR(500) NOT NULL,
  `PRIVATE_KEY` VARCHAR(1500) NOT NULL,
  `PASSWORD` VARCHAR(255) NOT NULL,
  `SALT` VARCHAR(45) NOT NULL,
  PRIMARY KEY (`ID`),
  UNIQUE INDEX `EMAIL_UNIQUE` (`EMAIL` ASC) VISIBLE,
  INDEX `fk_USER_USER_TYPE1_idx` (`TYPE` ASC) VISIBLE,
  CONSTRAINT `fk_USER_USER_TYPE1`
    FOREIGN KEY (`TYPE`)
    REFERENCES `SELKIFY`.`USER_TYPE` (`NAME`)
    ON DELETE NO ACTION
    ON UPDATE NO ACTION)
ENGINE = InnoDB
AUTO_INCREMENT = 7
DEFAULT CHARACTER SET = utf8mb4;


-- -----------------------------------------------------
-- Table `SELKIFY`.`EVENT`
-- -----------------------------------------------------
DROP TABLE IF EXISTS `SELKIFY`.`EVENT` ;

CREATE TABLE IF NOT EXISTS `SELKIFY`.`EVENT` (
  `ID` INT(11) NOT NULL,
  `NAME` VARCHAR(255) NOT NULL,
  `CALENDAR_ID` INT(11) NULL DEFAULT NULL,
  `START` DATETIME NULL DEFAULT NULL,
  `END` DATETIME NULL DEFAULT NULL,
  `INFO` TEXT NULL DEFAULT NULL,
  `CONTACT` INT(11) NULL DEFAULT NULL,
  `COMMUNITY` INT(11) NOT NULL,
  PRIMARY KEY (`ID`),
  INDEX `fk_EVENT_CALENDAR1_idx` (`CALENDAR_ID` ASC) VISIBLE,
  INDEX `fk_EVENT_USER1_idx` (`CONTACT` ASC) VISIBLE,
  INDEX `fk_EVENT_COMMUNITY1_idx` (`COMMUNITY` ASC) VISIBLE,
  CONSTRAINT `fk_EVENT_CALENDAR1`
    FOREIGN KEY (`CALENDAR_ID`)
    REFERENCES `SELKIFY`.`CALENDAR` (`ID`)
    ON DELETE NO ACTION
    ON UPDATE NO ACTION,
  CONSTRAINT `fk_EVENT_COMMUNITY1`
    FOREIGN KEY (`COMMUNITY`)
    REFERENCES `SELKIFY`.`COMMUNITY` (`ID`)
    ON DELETE NO ACTION
    ON UPDATE NO ACTION,
  CONSTRAINT `fk_EVENT_USER1`
    FOREIGN KEY (`CONTACT`)
    REFERENCES `SELKIFY`.`USER` (`ID`)
    ON DELETE NO ACTION
    ON UPDATE NO ACTION)
ENGINE = InnoDB
DEFAULT CHARACTER SET = utf8mb4;


-- -----------------------------------------------------
-- Table `SELKIFY`.`AUDIENCE`
-- -----------------------------------------------------
DROP TABLE IF EXISTS `SELKIFY`.`AUDIENCE` ;

CREATE TABLE IF NOT EXISTS `SELKIFY`.`AUDIENCE` (
  `ID` INT(11) NOT NULL AUTO_INCREMENT,
  `EVENT_ID` INT(11) NULL DEFAULT NULL,
  `COMMUNITY_ID` INT(11) NULL DEFAULT NULL,
  `CHAT_ID` INT(11) NULL DEFAULT NULL,
  `CONTENT_SERIES_ID` INT(11) NULL DEFAULT NULL,
  `CALENDAR_ID` INT(11) NULL DEFAULT NULL,
  PRIMARY KEY (`ID`),
  INDEX `fk_AUDIENCE_EVENT1_idx` (`EVENT_ID` ASC) VISIBLE,
  INDEX `fk_AUDIENCE_COMMUNITY1_idx` (`COMMUNITY_ID` ASC) VISIBLE,
  INDEX `fk_AUDIENCE_CHAT1_idx` (`CHAT_ID` ASC) VISIBLE,
  INDEX `fk_AUDIENCE_CONTENT_SERIES1_idx` (`CONTENT_SERIES_ID` ASC) VISIBLE,
  INDEX `fk_AUDIENCE_CALENDAR1_idx` (`CALENDAR_ID` ASC) VISIBLE,
  CONSTRAINT `fk_AUDIENCE_CALENDAR1`
    FOREIGN KEY (`CALENDAR_ID`)
    REFERENCES `SELKIFY`.`CALENDAR` (`ID`)
    ON DELETE NO ACTION
    ON UPDATE NO ACTION,
  CONSTRAINT `fk_AUDIENCE_CHAT1`
    FOREIGN KEY (`CHAT_ID`)
    REFERENCES `SELKIFY`.`CHAT` (`ID`)
    ON DELETE NO ACTION
    ON UPDATE NO ACTION,
  CONSTRAINT `fk_AUDIENCE_COMMUNITY1`
    FOREIGN KEY (`COMMUNITY_ID`)
    REFERENCES `SELKIFY`.`COMMUNITY` (`ID`)
    ON DELETE NO ACTION
    ON UPDATE NO ACTION,
  CONSTRAINT `fk_AUDIENCE_CONTENT_SERIES1`
    FOREIGN KEY (`CONTENT_SERIES_ID`)
    REFERENCES `SELKIFY`.`CONTENT_SERIES` (`ID`)
    ON DELETE NO ACTION
    ON UPDATE NO ACTION,
  CONSTRAINT `fk_AUDIENCE_EVENT1`
    FOREIGN KEY (`EVENT_ID`)
    REFERENCES `SELKIFY`.`EVENT` (`ID`)
    ON DELETE NO ACTION
    ON UPDATE NO ACTION)
ENGINE = InnoDB
DEFAULT CHARACTER SET = utf8mb4;


-- -----------------------------------------------------
-- Table `SELKIFY`.`CALENDAR_SUBSCRIPTION`
-- -----------------------------------------------------
DROP TABLE IF EXISTS `SELKIFY`.`CALENDAR_SUBSCRIPTION` ;

CREATE TABLE IF NOT EXISTS `SELKIFY`.`CALENDAR_SUBSCRIPTION` (
  `CALENDAR_ID` INT(11) NOT NULL,
  `USER_ID` INT(11) NOT NULL,
  PRIMARY KEY (`CALENDAR_ID`, `USER_ID`),
  INDEX `fk_CALENDAR_has_USER_USER1_idx` (`USER_ID` ASC) VISIBLE,
  INDEX `fk_CALENDAR_has_USER_CALENDAR1_idx` (`CALENDAR_ID` ASC) VISIBLE,
  CONSTRAINT `fk_CALENDAR_has_USER_CALENDAR1`
    FOREIGN KEY (`CALENDAR_ID`)
    REFERENCES `SELKIFY`.`CALENDAR` (`ID`)
    ON DELETE NO ACTION
    ON UPDATE NO ACTION,
  CONSTRAINT `fk_CALENDAR_has_USER_USER1`
    FOREIGN KEY (`USER_ID`)
    REFERENCES `SELKIFY`.`USER` (`ID`)
    ON DELETE NO ACTION
    ON UPDATE NO ACTION)
ENGINE = InnoDB
DEFAULT CHARACTER SET = utf8mb4;


-- -----------------------------------------------------
-- Table `SELKIFY`.`CHAT_MESSAGE`
-- -----------------------------------------------------
DROP TABLE IF EXISTS `SELKIFY`.`CHAT_MESSAGE` ;

CREATE TABLE IF NOT EXISTS `SELKIFY`.`CHAT_MESSAGE` (
  `ID` INT(11) NOT NULL AUTO_INCREMENT,
  `AUTHOR` INT(11) NOT NULL,
  `RECEIVER` INT(11) NOT NULL,
  `CHAT_ID` INT(11) NOT NULL,
  `MESSAGE` TEXT NULL DEFAULT NULL,
  `SEND_TIME` DATETIME NULL DEFAULT CURRENT_TIMESTAMP(),
  PRIMARY KEY (`ID`),
  INDEX `fk_CHAT_MESSAGE_USER1_idx` (`AUTHOR` ASC) VISIBLE,
  INDEX `fk_CHAT_MESSAGE_USER2_idx` (`RECEIVER` ASC) VISIBLE,
  INDEX `fk_CHAT_MESSAGE_CHAT1_idx` (`CHAT_ID` ASC) VISIBLE,
  CONSTRAINT `fk_CHAT_MESSAGE_CHAT1`
    FOREIGN KEY (`CHAT_ID`)
    REFERENCES `SELKIFY`.`CHAT` (`ID`)
    ON DELETE NO ACTION
    ON UPDATE NO ACTION,
  CONSTRAINT `fk_CHAT_MESSAGE_USER1`
    FOREIGN KEY (`AUTHOR`)
    REFERENCES `SELKIFY`.`USER` (`ID`)
    ON DELETE NO ACTION
    ON UPDATE NO ACTION,
  CONSTRAINT `fk_CHAT_MESSAGE_USER2`
    FOREIGN KEY (`RECEIVER`)
    REFERENCES `SELKIFY`.`USER` (`ID`)
    ON DELETE NO ACTION
    ON UPDATE NO ACTION)
ENGINE = InnoDB
DEFAULT CHARACTER SET = utf8mb4;


-- -----------------------------------------------------
-- Table `SELKIFY`.`CHAT_POLICY`
-- -----------------------------------------------------
DROP TABLE IF EXISTS `SELKIFY`.`CHAT_POLICY` ;

CREATE TABLE IF NOT EXISTS `SELKIFY`.`CHAT_POLICY` (
  `POLICY` VARCHAR(45) NOT NULL,
  PRIMARY KEY (`POLICY`))
ENGINE = InnoDB
DEFAULT CHARACTER SET = utf8mb4;


-- -----------------------------------------------------
-- Table `SELKIFY`.`CHAT_ROLE`
-- -----------------------------------------------------
DROP TABLE IF EXISTS `SELKIFY`.`CHAT_ROLE` ;

CREATE TABLE IF NOT EXISTS `SELKIFY`.`CHAT_ROLE` (
  `NAME` VARCHAR(45) NOT NULL,
  PRIMARY KEY (`NAME`))
ENGINE = InnoDB
DEFAULT CHARACTER SET = utf8mb4;


-- -----------------------------------------------------
-- Table `SELKIFY`.`CHAT_TYPE_POLICY`
-- -----------------------------------------------------
DROP TABLE IF EXISTS `SELKIFY`.`CHAT_TYPE_POLICY` ;

CREATE TABLE IF NOT EXISTS `SELKIFY`.`CHAT_TYPE_POLICY` (
  `TYPE` VARCHAR(45) NOT NULL,
  `POLICY` VARCHAR(45) NOT NULL,
  PRIMARY KEY (`TYPE`, `POLICY`),
  INDEX `fk_CHAT_TYPE_has_CHAT_POLICY_CHAT_POLICY1_idx` (`POLICY` ASC) VISIBLE,
  INDEX `fk_CHAT_TYPE_has_CHAT_POLICY_CHAT_TYPE1_idx` (`TYPE` ASC) VISIBLE,
  CONSTRAINT `fk_CHAT_TYPE_has_CHAT_POLICY_CHAT_POLICY1`
    FOREIGN KEY (`POLICY`)
    REFERENCES `SELKIFY`.`CHAT_POLICY` (`POLICY`)
    ON DELETE NO ACTION
    ON UPDATE NO ACTION,
  CONSTRAINT `fk_CHAT_TYPE_has_CHAT_POLICY_CHAT_TYPE1`
    FOREIGN KEY (`TYPE`)
    REFERENCES `SELKIFY`.`CHAT_TYPE` (`TYPE`)
    ON DELETE NO ACTION
    ON UPDATE NO ACTION)
ENGINE = InnoDB
DEFAULT CHARACTER SET = utf8mb4;


-- -----------------------------------------------------
-- Table `SELKIFY`.`CHAT_USER`
-- -----------------------------------------------------
DROP TABLE IF EXISTS `SELKIFY`.`CHAT_USER` ;

CREATE TABLE IF NOT EXISTS `SELKIFY`.`CHAT_USER` (
  `USER_ID` INT(11) NOT NULL,
  `CHAT_ID` INT(11) NOT NULL,
  `ROLE` VARCHAR(45) NOT NULL,
  PRIMARY KEY (`USER_ID`, `CHAT_ID`),
  INDEX `fk_USER_has_CHAT_CHAT1_idx` (`CHAT_ID` ASC) VISIBLE,
  INDEX `fk_USER_has_CHAT_USER1_idx` (`USER_ID` ASC) VISIBLE,
  INDEX `fk_CHAT_USER_CHAT_ROLE1_idx` (`ROLE` ASC) VISIBLE,
  CONSTRAINT `fk_CHAT_USER_CHAT_ROLE1`
    FOREIGN KEY (`ROLE`)
    REFERENCES `SELKIFY`.`CHAT_ROLE` (`NAME`)
    ON DELETE NO ACTION
    ON UPDATE NO ACTION,
  CONSTRAINT `fk_USER_has_CHAT_CHAT1`
    FOREIGN KEY (`CHAT_ID`)
    REFERENCES `SELKIFY`.`CHAT` (`ID`)
    ON DELETE NO ACTION
    ON UPDATE NO ACTION,
  CONSTRAINT `fk_USER_has_CHAT_USER1`
    FOREIGN KEY (`USER_ID`)
    REFERENCES `SELKIFY`.`USER` (`ID`)
    ON DELETE NO ACTION
    ON UPDATE NO ACTION)
ENGINE = InnoDB
DEFAULT CHARACTER SET = utf8mb4;


-- -----------------------------------------------------
-- Table `SELKIFY`.`COMMUNITY_MEMBER`
-- -----------------------------------------------------
DROP TABLE IF EXISTS `SELKIFY`.`COMMUNITY_MEMBER` ;

CREATE TABLE IF NOT EXISTS `SELKIFY`.`COMMUNITY_MEMBER` (
  `COMMUNITY_ID` INT(11) NOT NULL,
  `USER_ID` INT(11) NOT NULL,
  PRIMARY KEY (`COMMUNITY_ID`, `USER_ID`),
  INDEX `fk_COMMUNITY_has_USER_USER1_idx` (`USER_ID` ASC) VISIBLE,
  INDEX `fk_COMMUNITY_has_USER_COMMUNITY1_idx` (`COMMUNITY_ID` ASC) VISIBLE,
  CONSTRAINT `fk_COMMUNITY_has_USER_COMMUNITY1`
    FOREIGN KEY (`COMMUNITY_ID`)
    REFERENCES `SELKIFY`.`COMMUNITY` (`ID`)
    ON DELETE NO ACTION
    ON UPDATE NO ACTION,
  CONSTRAINT `fk_COMMUNITY_has_USER_USER1`
    FOREIGN KEY (`USER_ID`)
    REFERENCES `SELKIFY`.`USER` (`ID`)
    ON DELETE NO ACTION
    ON UPDATE NO ACTION)
ENGINE = InnoDB
DEFAULT CHARACTER SET = utf8mb4;


-- -----------------------------------------------------
-- Table `SELKIFY`.`CONTENT_TYPE`
-- -----------------------------------------------------
DROP TABLE IF EXISTS `SELKIFY`.`CONTENT_TYPE` ;

CREATE TABLE IF NOT EXISTS `SELKIFY`.`CONTENT_TYPE` (
  `TYPE` VARCHAR(45) NOT NULL,
  PRIMARY KEY (`TYPE`))
ENGINE = InnoDB
DEFAULT CHARACTER SET = utf8mb4;


-- -----------------------------------------------------
-- Table `SELKIFY`.`CONTENT`
-- -----------------------------------------------------
DROP TABLE IF EXISTS `SELKIFY`.`CONTENT` ;

CREATE TABLE IF NOT EXISTS `SELKIFY`.`CONTENT` (
  `ID` INT(11) NOT NULL AUTO_INCREMENT,
  `AUTHOR` INT(11) NOT NULL,
  `CONTENT_SERIES_ID` INT(11) NOT NULL,
  `PUBLISH_TIME` DATETIME NOT NULL DEFAULT CURRENT_TIMESTAMP(),
  `TITLE` VARCHAR(255) NOT NULL,
  `CONTENT` TEXT NOT NULL,
  `CONTENT_TYPE_TYPE` VARCHAR(45) NOT NULL,
  PRIMARY KEY (`ID`),
  INDEX `fk_CONTENT_USER1_idx` (`AUTHOR` ASC) VISIBLE,
  INDEX `fk_CONTENT_CONTENT_SERIES1_idx` (`CONTENT_SERIES_ID` ASC) VISIBLE,
  INDEX `fk_CONTENT_CONTENT_TYPE1_idx` (`CONTENT_TYPE_TYPE` ASC) VISIBLE,
  CONSTRAINT `fk_CONTENT_CONTENT_SERIES1`
    FOREIGN KEY (`CONTENT_SERIES_ID`)
    REFERENCES `SELKIFY`.`CONTENT_SERIES` (`ID`)
    ON DELETE NO ACTION
    ON UPDATE NO ACTION,
  CONSTRAINT `fk_CONTENT_USER1`
    FOREIGN KEY (`AUTHOR`)
    REFERENCES `SELKIFY`.`USER` (`ID`)
    ON DELETE NO ACTION
    ON UPDATE NO ACTION,
  CONSTRAINT `fk_CONTENT_CONTENT_TYPE1`
    FOREIGN KEY (`CONTENT_TYPE_TYPE`)
    REFERENCES `SELKIFY`.`CONTENT_TYPE` (`TYPE`)
    ON DELETE NO ACTION
    ON UPDATE NO ACTION)
ENGINE = InnoDB
DEFAULT CHARACTER SET = utf8mb4;


-- -----------------------------------------------------
-- Table `SELKIFY`.`CONTENT_AUDIENCE`
-- -----------------------------------------------------
DROP TABLE IF EXISTS `SELKIFY`.`CONTENT_AUDIENCE` ;

CREATE TABLE IF NOT EXISTS `SELKIFY`.`CONTENT_AUDIENCE` (
  `AUDIENCE_ID` INT(11) NOT NULL,
  PRIMARY KEY (`AUDIENCE_ID`),
  INDEX `fk_CONTENT_has_AUDIENCE_AUDIENCE1_idx` (`AUDIENCE_ID` ASC) VISIBLE,
  CONSTRAINT `fk_CONTENT_has_AUDIENCE_AUDIENCE1`
    FOREIGN KEY (`AUDIENCE_ID`)
    REFERENCES `SELKIFY`.`AUDIENCE` (`ID`)
    ON DELETE NO ACTION
    ON UPDATE NO ACTION)
ENGINE = InnoDB
DEFAULT CHARACTER SET = utf8mb4;


-- -----------------------------------------------------
-- Table `SELKIFY`.`DEVICE`
-- -----------------------------------------------------
DROP TABLE IF EXISTS `SELKIFY`.`DEVICE` ;

CREATE TABLE IF NOT EXISTS `SELKIFY`.`DEVICE` (
  `ID` VARCHAR(255) NOT NULL,
  `USER_ID` INT(11) NOT NULL,
  PRIMARY KEY (`ID`),
  INDEX `fk_DEVICE_USER1_idx` (`USER_ID` ASC) VISIBLE,
  UNIQUE INDEX `ID_UNIQUE` (`ID` ASC) VISIBLE,
  CONSTRAINT `fk_DEVICE_USER1`
    FOREIGN KEY (`USER_ID`)
    REFERENCES `SELKIFY`.`USER` (`ID`)
    ON DELETE NO ACTION
    ON UPDATE NO ACTION)
ENGINE = InnoDB
DEFAULT CHARACTER SET = utf8mb4;


-- -----------------------------------------------------
-- Table `SELKIFY`.`EVENT_USER`
-- -----------------------------------------------------
DROP TABLE IF EXISTS `SELKIFY`.`EVENT_USER` ;

CREATE TABLE IF NOT EXISTS `SELKIFY`.`EVENT_USER` (
  `EVENT_ID` INT(11) NOT NULL,
  `USER_ID` INT(11) NOT NULL,
  PRIMARY KEY (`EVENT_ID`, `USER_ID`),
  INDEX `fk_EVENT_has_USER_USER1_idx` (`USER_ID` ASC) VISIBLE,
  INDEX `fk_EVENT_has_USER_EVENT1_idx` (`EVENT_ID` ASC) VISIBLE,
  CONSTRAINT `fk_EVENT_has_USER_EVENT1`
    FOREIGN KEY (`EVENT_ID`)
    REFERENCES `SELKIFY`.`EVENT` (`ID`)
    ON DELETE NO ACTION
    ON UPDATE NO ACTION,
  CONSTRAINT `fk_EVENT_has_USER_USER1`
    FOREIGN KEY (`USER_ID`)
    REFERENCES `SELKIFY`.`USER` (`ID`)
    ON DELETE NO ACTION
    ON UPDATE NO ACTION)
ENGINE = InnoDB
DEFAULT CHARACTER SET = utf8mb4;


-- -----------------------------------------------------
-- Table `SELKIFY`.`SETTING_TYPE`
-- -----------------------------------------------------
DROP TABLE IF EXISTS `SELKIFY`.`SETTING_TYPE` ;

CREATE TABLE IF NOT EXISTS `SELKIFY`.`SETTING_TYPE` (
  `TYPE` VARCHAR(45) NOT NULL,
  PRIMARY KEY (`TYPE`))
ENGINE = InnoDB
DEFAULT CHARACTER SET = utf8mb4;


-- -----------------------------------------------------
-- Table `SELKIFY`.`SETTING`
-- -----------------------------------------------------
DROP TABLE IF EXISTS `SELKIFY`.`SETTING` ;

CREATE TABLE IF NOT EXISTS `SELKIFY`.`SETTING` (
  `ID` INT(11) NOT NULL,
  `NAME` VARCHAR(45) NULL DEFAULT NULL,
  `POSITION` INT(11) NULL DEFAULT NULL,
  `GROUP` VARCHAR(255) NULL DEFAULT NULL,
  `SETTING_TYPE_TYPE` VARCHAR(45) NOT NULL,
  PRIMARY KEY (`ID`),
  INDEX `fk_SETTING_SETTING_TYPE1_idx` (`SETTING_TYPE_TYPE` ASC) VISIBLE,
  CONSTRAINT `fk_SETTING_SETTING_TYPE1`
    FOREIGN KEY (`SETTING_TYPE_TYPE`)
    REFERENCES `SELKIFY`.`SETTING_TYPE` (`TYPE`)
    ON DELETE NO ACTION
    ON UPDATE NO ACTION)
ENGINE = InnoDB
DEFAULT CHARACTER SET = utf8mb4;


-- -----------------------------------------------------
-- Table `SELKIFY`.`SETTING_OPTION`
-- -----------------------------------------------------
DROP TABLE IF EXISTS `SELKIFY`.`SETTING_OPTION` ;

CREATE TABLE IF NOT EXISTS `SELKIFY`.`SETTING_OPTION` (
  `ID` INT(11) NOT NULL AUTO_INCREMENT,
  `SETTING_ID` INT(11) NOT NULL,
  `VALUE` VARCHAR(45) NULL DEFAULT NULL,
  PRIMARY KEY (`ID`),
  INDEX `fk_SETTING_OPTION_SETTING1_idx` (`SETTING_ID` ASC) VISIBLE,
  CONSTRAINT `fk_SETTING_OPTION_SETTING1`
    FOREIGN KEY (`SETTING_ID`)
    REFERENCES `SELKIFY`.`SETTING` (`ID`)
    ON DELETE NO ACTION
    ON UPDATE NO ACTION)
ENGINE = InnoDB
DEFAULT CHARACTER SET = utf8mb4;


-- -----------------------------------------------------
-- Table `SELKIFY`.`USER_AUDIENCE`
-- -----------------------------------------------------
DROP TABLE IF EXISTS `SELKIFY`.`USER_AUDIENCE` ;

CREATE TABLE IF NOT EXISTS `SELKIFY`.`USER_AUDIENCE` (
  `AUDIENCE_ID` INT(11) NOT NULL,
  `USER_ID` INT(11) NOT NULL,
  PRIMARY KEY (`AUDIENCE_ID`, `USER_ID`),
  INDEX `fk_AUDIENCE_has_USER_USER1_idx` (`USER_ID` ASC) VISIBLE,
  INDEX `fk_AUDIENCE_has_USER_AUDIENCE1_idx` (`AUDIENCE_ID` ASC) VISIBLE,
  CONSTRAINT `fk_AUDIENCE_has_USER_AUDIENCE1`
    FOREIGN KEY (`AUDIENCE_ID`)
    REFERENCES `SELKIFY`.`AUDIENCE` (`ID`)
    ON DELETE NO ACTION
    ON UPDATE NO ACTION,
  CONSTRAINT `fk_AUDIENCE_has_USER_USER1`
    FOREIGN KEY (`USER_ID`)
    REFERENCES `SELKIFY`.`USER` (`ID`)
    ON DELETE NO ACTION
    ON UPDATE NO ACTION)
ENGINE = InnoDB
DEFAULT CHARACTER SET = utf8mb4;


-- -----------------------------------------------------
-- Table `SELKIFY`.`USER_PERMISSION`
-- -----------------------------------------------------
DROP TABLE IF EXISTS `SELKIFY`.`USER_PERMISSION` ;

CREATE TABLE IF NOT EXISTS `SELKIFY`.`USER_PERMISSION` (
  `NAME` VARCHAR(50) NOT NULL,
  PRIMARY KEY (`NAME`))
ENGINE = InnoDB
DEFAULT CHARACTER SET = utf8mb4;


-- -----------------------------------------------------
-- Table `SELKIFY`.`USER_SETTINGS`
-- -----------------------------------------------------
DROP TABLE IF EXISTS `SELKIFY`.`USER_SETTINGS` ;

CREATE TABLE IF NOT EXISTS `SELKIFY`.`USER_SETTINGS` (
  `USER_ID` INT(11) NOT NULL,
  `SETTING_ID` INT(11) NOT NULL,
  `VALUE` VARCHAR(255) NOT NULL,
  PRIMARY KEY (`USER_ID`, `SETTING_ID`),
  INDEX `fk_USER_has_SETTING_SETTING1_idx` (`SETTING_ID` ASC) VISIBLE,
  INDEX `fk_USER_has_SETTING_USER1_idx` (`USER_ID` ASC) VISIBLE,
  CONSTRAINT `fk_USER_has_SETTING_SETTING1`
    FOREIGN KEY (`SETTING_ID`)
    REFERENCES `SELKIFY`.`SETTING` (`ID`)
    ON DELETE NO ACTION
    ON UPDATE NO ACTION,
  CONSTRAINT `fk_USER_has_SETTING_USER1`
    FOREIGN KEY (`USER_ID`)
    REFERENCES `SELKIFY`.`USER` (`ID`)
    ON DELETE NO ACTION
    ON UPDATE NO ACTION)
ENGINE = InnoDB
DEFAULT CHARACTER SET = utf8mb4;


-- -----------------------------------------------------
-- Table `SELKIFY`.`USER_TYPE_PERMISSION`
-- -----------------------------------------------------
DROP TABLE IF EXISTS `SELKIFY`.`USER_TYPE_PERMISSION` ;

CREATE TABLE IF NOT EXISTS `SELKIFY`.`USER_TYPE_PERMISSION` (
  `USER_TYPE_NAME` VARCHAR(50) NOT NULL,
  `USER_PERMISSION_NAME` VARCHAR(50) NOT NULL,
  PRIMARY KEY (`USER_TYPE_NAME`, `USER_PERMISSION_NAME`),
  INDEX `fk_USER_TYPE_has_USER_PERMISSION_USER_PERMISSION1_idx` (`USER_PERMISSION_NAME` ASC) VISIBLE,
  INDEX `fk_USER_TYPE_has_USER_PERMISSION_USER_TYPE_idx` (`USER_TYPE_NAME` ASC) VISIBLE,
  CONSTRAINT `fk_USER_TYPE_has_USER_PERMISSION_USER_PERMISSION1`
    FOREIGN KEY (`USER_PERMISSION_NAME`)
    REFERENCES `SELKIFY`.`USER_PERMISSION` (`NAME`)
    ON DELETE NO ACTION
    ON UPDATE NO ACTION,
  CONSTRAINT `fk_USER_TYPE_has_USER_PERMISSION_USER_TYPE`
    FOREIGN KEY (`USER_TYPE_NAME`)
    REFERENCES `SELKIFY`.`USER_TYPE` (`NAME`)
    ON DELETE NO ACTION
    ON UPDATE NO ACTION)
ENGINE = InnoDB
DEFAULT CHARACTER SET = utf8mb4;


-- -----------------------------------------------------
-- Table `SELKIFY`.`CHAT_PERMISSION`
-- -----------------------------------------------------
DROP TABLE IF EXISTS `SELKIFY`.`CHAT_PERMISSION` ;

CREATE TABLE IF NOT EXISTS `SELKIFY`.`CHAT_PERMISSION` (
  `NAME` VARCHAR(45) NOT NULL,
  PRIMARY KEY (`NAME`))
ENGINE = InnoDB;


-- -----------------------------------------------------
-- Table `SELKIFY`.`CHAT_ROLE_PERMISSION`
-- -----------------------------------------------------
DROP TABLE IF EXISTS `SELKIFY`.`CHAT_ROLE_PERMISSION` ;

CREATE TABLE IF NOT EXISTS `SELKIFY`.`CHAT_ROLE_PERMISSION` (
  `CHAT_ROLE` VARCHAR(45) NOT NULL,
  `CHAT_PERMISSION` VARCHAR(45) NOT NULL,
  PRIMARY KEY (`CHAT_ROLE`, `CHAT_PERMISSION`),
  INDEX `fk_CHAT_ROLE_has_CHAT_PERMISSION_CHAT_PERMISSION1_idx` (`CHAT_PERMISSION` ASC) VISIBLE,
  INDEX `fk_CHAT_ROLE_has_CHAT_PERMISSION_CHAT_ROLE1_idx` (`CHAT_ROLE` ASC) VISIBLE,
  CONSTRAINT `fk_CHAT_ROLE_has_CHAT_PERMISSION_CHAT_ROLE1`
    FOREIGN KEY (`CHAT_ROLE`)
    REFERENCES `SELKIFY`.`CHAT_ROLE` (`NAME`)
    ON DELETE NO ACTION
    ON UPDATE NO ACTION,
  CONSTRAINT `fk_CHAT_ROLE_has_CHAT_PERMISSION_CHAT_PERMISSION1`
    FOREIGN KEY (`CHAT_PERMISSION`)
    REFERENCES `SELKIFY`.`CHAT_PERMISSION` (`NAME`)
    ON DELETE NO ACTION
    ON UPDATE NO ACTION)
ENGINE = InnoDB
DEFAULT CHARACTER SET = utf8mb4;


SET SQL_MODE=@OLD_SQL_MODE;
SET FOREIGN_KEY_CHECKS=@OLD_FOREIGN_KEY_CHECKS;
SET UNIQUE_CHECKS=@OLD_UNIQUE_CHECKS;

-- -----------------------------------------------------
-- Data for table `SELKIFY`.`CHAT_TYPE`
-- -----------------------------------------------------
START TRANSACTION;
USE `SELKIFY`;
INSERT INTO `SELKIFY`.`CHAT_TYPE` (`TYPE`) VALUES ('PRIVATE');
INSERT INTO `SELKIFY`.`CHAT_TYPE` (`TYPE`) VALUES ('GROUP');
INSERT INTO `SELKIFY`.`CHAT_TYPE` (`TYPE`) VALUES ('ANONYM');

COMMIT;


-- -----------------------------------------------------
-- Data for table `SELKIFY`.`USER_TYPE`
-- -----------------------------------------------------
START TRANSACTION;
USE `SELKIFY`;
INSERT INTO `SELKIFY`.`USER_TYPE` (`NAME`) VALUES ('USER');
INSERT INTO `SELKIFY`.`USER_TYPE` (`NAME`) VALUES ('ADMIN');
INSERT INTO `SELKIFY`.`USER_TYPE` (`NAME`) VALUES ('PUBLIC');

COMMIT;


-- -----------------------------------------------------
-- Data for table `SELKIFY`.`CHAT_POLICY`
-- -----------------------------------------------------
START TRANSACTION;
USE `SELKIFY`;
INSERT INTO `SELKIFY`.`CHAT_POLICY` (`POLICY`) VALUES ('PUBLIC');
INSERT INTO `SELKIFY`.`CHAT_POLICY` (`POLICY`) VALUES ('OPEN');

COMMIT;


-- -----------------------------------------------------
-- Data for table `SELKIFY`.`CHAT_ROLE`
-- -----------------------------------------------------
START TRANSACTION;
USE `SELKIFY`;
INSERT INTO `SELKIFY`.`CHAT_ROLE` (`NAME`) VALUES ('APPLICANT');
INSERT INTO `SELKIFY`.`CHAT_ROLE` (`NAME`) VALUES ('USER');
INSERT INTO `SELKIFY`.`CHAT_ROLE` (`NAME`) VALUES ('ADMIN');
INSERT INTO `SELKIFY`.`CHAT_ROLE` (`NAME`) VALUES ('BANNED');

COMMIT;


-- -----------------------------------------------------
-- Data for table `SELKIFY`.`CHAT_TYPE_POLICY`
-- -----------------------------------------------------
START TRANSACTION;
USE `SELKIFY`;
INSERT INTO `SELKIFY`.`CHAT_TYPE_POLICY` (`TYPE`, `POLICY`) VALUES ('GROUP', 'PUBLIC');
INSERT INTO `SELKIFY`.`CHAT_TYPE_POLICY` (`TYPE`, `POLICY`) VALUES ('GROUP', 'OPEN');

COMMIT;


-- -----------------------------------------------------
-- Data for table `SELKIFY`.`SETTING_TYPE`
-- -----------------------------------------------------
START TRANSACTION;
USE `SELKIFY`;
INSERT INTO `SELKIFY`.`SETTING_TYPE` (`TYPE`) VALUES ('BOOL');
INSERT INTO `SELKIFY`.`SETTING_TYPE` (`TYPE`) VALUES ('TEXT');
INSERT INTO `SELKIFY`.`SETTING_TYPE` (`TYPE`) VALUES ('ENUM');

COMMIT;


-- -----------------------------------------------------
-- Data for table `SELKIFY`.`USER_PERMISSION`
-- -----------------------------------------------------
START TRANSACTION;
USE `SELKIFY`;
INSERT INTO `SELKIFY`.`USER_PERMISSION` (`NAME`) VALUES ('PUBLIC');

COMMIT;


-- -----------------------------------------------------
-- Data for table `SELKIFY`.`USER_TYPE_PERMISSION`
-- -----------------------------------------------------
START TRANSACTION;
USE `SELKIFY`;
INSERT INTO `SELKIFY`.`USER_TYPE_PERMISSION` (`USER_TYPE_NAME`, `USER_PERMISSION_NAME`) VALUES ('PUBLIC', 'PUBLIC');

COMMIT;


-- -----------------------------------------------------
-- Data for table `SELKIFY`.`CHAT_PERMISSION`
-- -----------------------------------------------------
START TRANSACTION;
USE `SELKIFY`;
INSERT INTO `SELKIFY`.`CHAT_PERMISSION` (`NAME`) VALUES ('READ');
INSERT INTO `SELKIFY`.`CHAT_PERMISSION` (`NAME`) VALUES ('WRITE');
INSERT INTO `SELKIFY`.`CHAT_PERMISSION` (`NAME`) VALUES ('EDIT');

COMMIT;


-- -----------------------------------------------------
-- Data for table `SELKIFY`.`CHAT_ROLE_PERMISSION`
-- -----------------------------------------------------
START TRANSACTION;
USE `SELKIFY`;
INSERT INTO `SELKIFY`.`CHAT_ROLE_PERMISSION` (`CHAT_ROLE`, `CHAT_PERMISSION`) VALUES ('USER', 'READ');
INSERT INTO `SELKIFY`.`CHAT_ROLE_PERMISSION` (`CHAT_ROLE`, `CHAT_PERMISSION`) VALUES ('USER', 'WRITE');
INSERT INTO `SELKIFY`.`CHAT_ROLE_PERMISSION` (`CHAT_ROLE`, `CHAT_PERMISSION`) VALUES ('ADMIN', 'READ');
INSERT INTO `SELKIFY`.`CHAT_ROLE_PERMISSION` (`CHAT_ROLE`, `CHAT_PERMISSION`) VALUES ('ADMIN', 'WRITE');
INSERT INTO `SELKIFY`.`CHAT_ROLE_PERMISSION` (`CHAT_ROLE`, `CHAT_PERMISSION`) VALUES ('ADMIN', 'EDIT');

COMMIT;

